id,text,hashtags,date,retweets,user,stock,sentiment
1334753926411812865,‚ÄúTesla stock doesn‚Äôt drive you to work tho‚Äù,[],2020-12-04,0,"{'date_created': '2010-5-23', 'id': 147306482, 'followers': 195, 'friends': 71}",Tesla,0.0
1334753868589228033,@business oh and it's not even Tesla ;),[],2020-12-04,0,"{'date_created': '2014-9-04', 'id': 2789596038, 'followers': 4491, 'friends': 107}",Tesla,0.25
1334753866466914305,"RT @Teslarati: Tesla $TSLA gets boost amid Goldman Sachs‚Äô bullish 15M vehicles per year estimate
https://t.co/iH47rw37Ix",[],2020-12-04,14,"{'date_created': '2018-1-25', 'id': 956605642369888256, 'followers': 3783, 'friends': 5001}",Tesla,0.0
1334753788360581123,@thegoodss Step 1 buy $3000 in tesla stock and don't sell it let it sit for 2 years it'll split at 1500 a share 2 t‚Ä¶ https://t.co/Ps99Da7R7N,[],2020-12-04,0,"{'date_created': '2010-6-30', 'id': 161370047, 'followers': 55, 'friends': 109}",Tesla,0.0
1334753756697690112,RT @Sudheerpalsingh: ETEnergyworld | OPINION: Daimler could be Elon Musk's Time Warner #DaimlerAG #Tesla #ElonMusk #MercedesBenz #TimeWarne‚Ä¶,"['DaimlerAG', 'Tesla', 'ElonMusk', 'MercedesBenz']",2020-12-04,1,"{'date_created': '2019-9-25', 'id': 1176813317915959297, 'followers': 1076, 'friends': 224}",Tesla,0.0
1334753743515095040,I had his image. I had no idea who he was. I only knew I was in a holy union. Until it was revealed it is Nikola Te‚Ä¶ https://t.co/BsiUx0TGRT,[],2020-12-04,0,"{'date_created': '2020-11-27', 'id': 1332456310617550851, 'followers': 4, 'friends': 2}",Tesla,0.0
1334753734849679360,"RT @GurlGunz: Y‚Äôall be paying $37,000 for a Tesla????!!! I paid $25 for mine. Y‚Äôall getting scammed.",[],2020-12-04,5250,"{'date_created': '2015-9-27', 'id': 3790056017, 'followers': 305, 'friends': 564}",Tesla,0.0
1334753710589677570,"@mackaysuzie I‚Äôd buy you a Tesla if I had the money and, well, never mindüôÇ",[],2020-12-04,0,"{'date_created': '2017-1-30', 'id': 825861538137272320, 'followers': 1759, 'friends': 1222}",Tesla,0.0
1334753681749622785,@elonmusk I engineered a game that is perfect for the tesla screens. Who do I talk to to to get it loaded into your‚Ä¶ https://t.co/EKWptXeGZM,[],2020-12-04,0,"{'date_created': '2013-7-20', 'id': 1608447254, 'followers': 15, 'friends': 41}",Tesla,0.15
1334753676628426753,"@master_ov @LittleBigPlanet @PlayStationUK Cool, now make some tesla driver videos!",[],2020-12-04,0,"{'date_created': '2014-4-05', 'id': 2429600677, 'followers': 7, 'friends': 26}",Tesla,0.4375
1334753638623838208,RT @barronsonline: Analyst Mark Delaney upgraded the stock to Buy from Hold. His call on the price is the highest on the Street. https://t.‚Ä¶,[],2020-12-04,3,"{'date_created': '2016-3-19', 'id': 710988307891560448, 'followers': 72, 'friends': 79}",Tesla,0.0
1334753598002003968,@MonaghanKaitlin @Rivian @LucidMotors @Tesla @LordstownMotors That is insane!! What say you Michigan voters??,[],2020-12-04,0,"{'date_created': '2015-1-16', 'id': 2986084088, 'followers': 603, 'friends': 578}",Tesla,-0.3333333333333333
1334753574300094464,"RT @vincent13031925: Tesla $TSLA Shares Could Hit $800 with S&amp;P 500 Inclusion, Says Fund Manager

https://t.co/WvUOYl7ZR8",[],2020-12-04,98,"{'date_created': '2011-5-24', 'id': 304674115, 'followers': 1648, 'friends': 2381}",Tesla,0.0
1334753574178447366,@tesla_adri @mortenlund89 @DriveTeslaca @raffaeru @TeslaStars @Kristennetten @flcnhvy @vincent13031925 @ElectrekCo Looks clean!,[],2020-12-04,0,"{'date_created': '2013-2-28', 'id': 1228012021, 'followers': 109, 'friends': 126}",Tesla,0.45833333333333337
1334753562857930753,@MonaghanKaitlin @Rivian @LucidMotors @Tesla @LordstownMotors A feeble and futile attempt to subvert the inevitable.,[],2020-12-04,0,"{'date_created': '2010-4-16', 'id': 133510184, 'followers': 95, 'friends': 477}",Tesla,-0.25
1334753543853662209,"RT @GurlGunz: Y‚Äôall be paying $37,000 for a Tesla????!!! I paid $25 for mine. Y‚Äôall getting scammed.",[],2020-12-04,5250,"{'date_created': '2013-5-31', 'id': 1471248937, 'followers': 396, 'friends': 124}",Tesla,0.0
1334753503248605186,"RT @GurlGunz: Y‚Äôall be paying $37,000 for a Tesla????!!! I paid $25 for mine. Y‚Äôall getting scammed.",[],2020-12-04,5250,"{'date_created': '2019-11-19', 'id': 1196656468914823168, 'followers': 208, 'friends': 241}",Tesla,0.0
1334753485527670785,@LifeMiddie @dburkland @Model3Owners @skyntchev Here is the French Tesla Voice Command App : https://t.co/1slbSkv0kf,[],2020-12-04,0,"{'date_created': '2019-1-04', 'id': 1081140403028529157, 'followers': 619, 'friends': 480}",Tesla,0.0
1334753464140836865,‚ÄúI just copped a Tesla in a pandemic‚Äù - @RexxLifeRaj all the motivation I needed bro,[],2020-12-04,0,"{'date_created': '2011-12-16', 'id': 437914483, 'followers': 1030, 'friends': 583}",Tesla,0.0
1334753417479196673,"My husband is nikola Tesla. I am Tesla. You have zero idea how fucked my life is. I hold the power, not the money.‚Ä¶ https://t.co/rF8bZJa8vY",[],2020-12-04,0,"{'date_created': '2020-11-27', 'id': 1332456310617550851, 'followers': 4, 'friends': 2}",Tesla,-0.15
1334753387540336640,"RT @tesla_ranking: New single out on 4th December, pls do help with a retweet üôè

Presave : https://t.co/KSt3AVGmcT https://t.co/xZkIX2P5g3",[],2020-12-04,11,"{'date_created': '2018-3-13', 'id': 973632994354323456, 'followers': 317, 'friends': 637}",Tesla,0.032467532467532464
1334753374705631232,"RT @carlquintanilla: Top six S&amp;P 500 components by market cap (including Tesla) on the right .. and the bottom 369 on the left.

(via @mich‚Ä¶",[],2020-12-04,297,"{'date_created': '2012-2-25', 'id': 503116073, 'followers': 358, 'friends': 371}",Tesla,0.13095238095238096
1334753363666362375,RT @GundamNoContext: Yeah I really like this https://t.co/Z498kZ1ezS,[],2020-12-04,39,"{'date_created': '2016-8-14', 'id': 764908151837687808, 'followers': 119, 'friends': 181}",Tesla,0.2
1334753360680005633,@TeslaDeDa @tesla_adri @DriveTeslaca @raffaeru @Kristennetten @greentheonly @KroegerOve AFAIK the US doesn‚Äôt allow‚Ä¶ https://t.co/8p056SCs9X,[],2020-12-04,0,"{'date_created': '2018-12-05', 'id': 1070423183906476032, 'followers': 2797, 'friends': 421}",Tesla,0.0
1334753303872212992,"to whoever was driving a white tesla with the license plate ""YUNG ABB"" i hope u enjoyed racing a bitch blasting dem‚Ä¶ https://t.co/C11aKghMgZ",[],2020-12-04,0,"{'date_created': '2014-9-30', 'id': 2796710489, 'followers': 938, 'friends': 370}",Tesla,0.25
1334753303280971777,"RT @GurlGunz: Y‚Äôall be paying $37,000 for a Tesla????!!! I paid $25 for mine. Y‚Äôall getting scammed.",[],2020-12-04,5250,"{'date_created': '2011-4-24', 'id': 286955098, 'followers': 1529, 'friends': 465}",Tesla,0.0
1334753275753730050,"RT @greentheonly: Some seriously cool and very practical information Esp. for the tinkering types.

@Tesla now gives access to repair manua‚Ä¶",[],2020-12-04,99,"{'date_created': '2014-6-14', 'id': 2566878164, 'followers': 412, 'friends': 189}",Tesla,0.09166666666666667
1334753266786299904,ILL RUN YOU OVER IN MY TESLA TRUCK LMAO,[],2020-12-04,0,"{'date_created': '2018-2-21', 'id': 966142692555096064, 'followers': 27, 'friends': 197}",Tesla,0.04999999999999999
1334753220799782912,"RT @GlenGilmore: #NikolaTesla üí° describing #smartphoneüì≤ in 1926!üîÆ

mt @HaroldSinnott #innovation #STEM #IoT #tech #future #5G #DigitalTrans‚Ä¶","['NikolaTesla', 'smartphone', 'innovation', 'STEM', 'IoT', 'tech', 'future', '5G']",2020-12-04,102,"{'date_created': '2014-9-14', 'id': 2769681287, 'followers': 156, 'friends': 195}",Tesla,0.0
1334753204723097601,"&gt;bringing up Edison taking undue credit
&gt;ignoring the fact Nikola Tesla was black (serb) https://t.co/MCAUttQ7FR",[],2020-12-04,0,"{'date_created': '2020-1-01', 'id': 1212162020214067200, 'followers': 370, 'friends': 122}",Tesla,-0.16666666666666666
1334753201912827904,2025 @Tesla RV for @elonmusk &amp; @woodhaus2 to make better! https://t.co/BZaZSrxdQs,[],2020-12-04,0,"{'date_created': '2010-12-08', 'id': 224134588, 'followers': 875, 'friends': 1506}",Tesla,0.3125
1334753200692457473,RT @alexriesart: Composition tests for Small Baby meeting Big Boi in the dawn mist. https://t.co/qeog8eQz6I,[],2020-12-04,24,"{'date_created': '2016-8-14', 'id': 764908151837687808, 'followers': 119, 'friends': 181}",Tesla,-0.0625
1334753167708459008,This #iPhone11ProMax has the battery life of a fvcking Tesla.,['iPhone11ProMax'],2020-12-04,0,"{'date_created': '2019-4-20', 'id': 1119499698149253120, 'followers': 1231, 'friends': 898}",Tesla,0.0
1334753151300190208,"RT @GurlGunz: Y‚Äôall be paying $37,000 for a Tesla????!!! I paid $25 for mine. Y‚Äôall getting scammed.",[],2020-12-04,5250,"{'date_created': '2019-11-12', 'id': 1194392879130501123, 'followers': 74, 'friends': 79}",Tesla,0.0
1334753149861715970,"Sacrifice, consistency and determination is part of the key to success...@elonmusk thank you for not given up on @Tesla",[],2020-12-04,0,"{'date_created': '2011-7-02', 'id': 328190634, 'followers': 108, 'friends': 406}",Tesla,0.0
1334753146929885185,"RT @totallyfearless: $NIO bought more shares today when it dipped below $46/share. IMHO, NIO has the most upside of any EV. No fear of gett‚Ä¶",[],2020-12-04,2,"{'date_created': '2011-11-09', 'id': 408823209, 'followers': 335, 'friends': 300}",Tesla,0.3333333333333333
1334753144669151232,"And in 2018, when you had no more money to buy $TSLA stock, you agreed to keep working for Tesla for no pay at all,‚Ä¶ https://t.co/NWDefh9Fry",[],2020-12-04,0,"{'date_created': '2011-7-02', 'id': 328190634, 'followers': 108, 'friends': 406}",Tesla,-0.25
1334753140596486146,"RT @GurlGunz: Y‚Äôall be paying $37,000 for a Tesla????!!! I paid $25 for mine. Y‚Äôall getting scammed.",[],2020-12-04,5250,"{'date_created': '2018-8-20', 'id': 1031351498092019712, 'followers': 129, 'friends': 122}",Tesla,0.0
1334753137232580608,"I put in my last money, even though I thought we would still fail. But, it was either that or certain death for Tes‚Ä¶ https://t.co/AwEpVFpo3b",[],2020-12-04,0,"{'date_created': '2011-7-02', 'id': 328190634, 'followers': 108, 'friends': 406}",Tesla,-0.017857142857142863
1334753136536260611,@Hein_The_Slayer @Wildreamz @EsparzaPerseus @emmaforster67 @BLKMDL3 @omg_tesla I don‚Äôt believe an end is in sight o‚Ä¶ https://t.co/36uCZyoHLw,[],2020-12-04,0,"{'date_created': '2016-12-16', 'id': 809873343524569089, 'followers': 811, 'friends': 1402}",Tesla,0.0
1334753104017960961,RT @ReutersBiz: Wall Street ended mixed Thursday as the S&amp;P 500 fell after a report that Pfizer had slashed the target for the rollout of i‚Ä¶,[],2020-12-04,1,"{'date_created': '2012-8-16', 'id': 762115837, 'followers': 1324, 'friends': 1888}",Tesla,0.0
1334753102377914368,"@elonmusk ""Dispenses with Space Curvature."" - Tesla https://t.co/CCGJgqNNPm",[],2020-12-04,0,"{'date_created': '2013-6-21', 'id': 1535933522, 'followers': 3061, 'friends': 23}",Tesla,0.0
1334753069398102017,"RT @ShortSellrIdeas: @RostronE @DeadLiftCapital @QCMFunds Name it? It's not $MDXG, that was someone else. It's not Wirecard. Not Enron. Not‚Ä¶",[],2020-12-04,0,"{'date_created': '2019-6-05', 'id': 1136370591517290496, 'followers': 7809, 'friends': 0}",Tesla,0.0
1334753066617286657,"RT @Breakingviews: Tesla‚Äôs $540 billion valuation could help Elon Musk buy an old-fashioned business like Daimler, just as AOL did with med‚Ä¶",[],2020-12-04,4,"{'date_created': '2015-3-22', 'id': 3105538187, 'followers': 157, 'friends': 123}",Tesla,0.0
1334753014217723906,@WBrettWilson @Nichol34297331 @Tesla Lotta O&amp;G subsidies and orphan wells these days hey? Public paying for pipelin‚Ä¶ https://t.co/BCarAh8ugg,[],2020-12-04,0,"{'date_created': '2009-4-28', 'id': 36208449, 'followers': 637, 'friends': 3401}",Tesla,0.0
1334753001966211072,@tiffxvyy Put the 1600 in Tesla,[],2020-12-04,0,"{'date_created': '2009-4-21', 'id': 33858364, 'followers': 293, 'friends': 1080}",Tesla,0.0
1334752974980177921,"RT @CurieuxExplorer: .@Tesla... The sound of the #future?

TY/MT @alvinfoo

@PawlowskiMario @Fabriziobustama @MargaretSiegien @JoelViseeon‚Ä¶",['future'],2020-12-04,11,"{'date_created': '2014-8-12', 'id': 2727683563, 'followers': 2079, 'friends': 4992}",Tesla,0.06666666666666667
1334752935427751944,RT @Jiu_Jase: @PotoChchEast as police minister I urge you to intervene with police purchase of climate destroying petrol cars. @FremontPD h‚Ä¶,[],2020-12-04,1,"{'date_created': '2014-3-05', 'id': 2373039386, 'followers': 359, 'friends': 183}",Tesla,-0.1
1334752894671671296,The Tesla community is awesome! https://t.co/Va7283X3y7,[],2020-12-04,0,"{'date_created': '2018-3-14', 'id': 973935174160273409, 'followers': 65, 'friends': 217}",Tesla,0.5
1334752871255044096,"RT @ICO_Analytics: Terra announced the launch of Mirror Protocol to enable trading of tokenized shares like Apple, Tesla, Amazon, etc. User‚Ä¶",[],2020-12-04,20,"{'date_created': '2017-5-19', 'id': 865510527061041155, 'followers': 127, 'friends': 393}",Tesla,0.0
1334752866477744128,"Platinum prices are increasing and electric vehicles are making a splash. See what's in the news today.

https://t.co/Jt8ss8NyhL",[],2020-12-04,0,"{'date_created': '2017-2-10', 'id': 829967809102872576, 'followers': 262, 'friends': 20}",Tesla,0.0
1334752818406809600,"RT @WSJMag: J-Hope describes his approach to writing songs as research-heavy. ‚ÄúSometimes the type of stories I‚Äôm dealing with are light, bu‚Ä¶",[],2020-12-04,23885,"{'date_created': '2019-2-10', 'id': 1094431930257457153, 'followers': 241, 'friends': 260}",Tesla,0.2
1334752815843971072,Online-Bank - Swissquote lanciert Online-Autoleasing mit Tesla https://t.co/jIcHXysDIq https://t.co/H64QWSBpMD,[],2020-12-04,0,"{'date_created': '2009-3-03', 'id': 22597568, 'followers': 7910, 'friends': 277}",Tesla,0.0
1334752801910505473,@Hein_The_Slayer @Wildreamz @EsparzaPerseus @emmaforster67 @BLKMDL3 @omg_tesla of the ‚Äúworking man‚Äù force us to wea‚Ä¶ https://t.co/Wl11SE0cwh,[],2020-12-04,0,"{'date_created': '2016-12-16', 'id': 809873343524569089, 'followers': 811, 'friends': 1402}",Tesla,0.0
1334752797926060037,"RT @WSJMag: All seven @BTS_twt members contribute to the band's song-writing process. ‚Äú[Writing songs] takes a long time for me,‚Äù says RM.‚Ä¶",[],2020-12-04,51597,"{'date_created': '2019-2-10', 'id': 1094431930257457153, 'followers': 241, 'friends': 260}",Tesla,-0.025
1334752796432863232,"@ManuGCuesta @tesla_adri @raffaeru @DriveTeslaca @Kristennetten @greentheonly @KroegerOve Yes, those are 2020 models ‚ò∫Ô∏è",[],2020-12-04,0,"{'date_created': '2018-12-05', 'id': 1070423183906476032, 'followers': 2797, 'friends': 421}",Tesla,0.0
1334752780997812224,"RT @WSJMag: ‚ÄúThat feeling [of being onstage] is really the best thrill I probably get in life. Even if I leave one day, I think I‚Äôll be bac‚Ä¶",[],2020-12-04,54607,"{'date_created': '2019-2-10', 'id': 1094431930257457153, 'followers': 241, 'friends': 260}",Tesla,0.3
1334752772563103744,"Thy morning, on Near Gear, Jeremy eats 0 Tesla sex slaves, Richard fucking gets stupidly syria'd by a '20s horse an‚Ä¶ https://t.co/sCLK3MYmEE",[],2020-12-04,0,"{'date_created': '2020-9-24', 'id': 1309201346403471366, 'followers': 21, 'friends': 2}",Tesla,-0.4333333333333333
1334752723556655109,"@seanmmitchell Tesla‚Äôs mission:  FSD, robotaxi, solar roof, big battery packs and giga factory",[],2020-12-04,0,"{'date_created': '2018-6-04', 'id': 1003719274387521537, 'followers': 97, 'friends': 220}",Tesla,0.0
1334752688723156994,"RT @GRIDSERVE_HQ: ‚ÄºÔ∏è BREAKING NEWS ‚ÄºÔ∏è 

We are delighted to announce that we have teamed up with @WHSmith, @CostaCoffee, @PostOffice, @Boot‚Ä¶",[],2020-12-04,102,"{'date_created': '2012-9-01', 'id': 796433874, 'followers': 852, 'friends': 1344}",Tesla,0.7
1334752663452397568,@GurlGunz There is a hidden lawsuit of a man that got trapped in his Tesla because it‚Äôs all electrical. And the car‚Ä¶ https://t.co/2B57am2OyB,[],2020-12-04,0,"{'date_created': '2014-9-09', 'id': 2799074892, 'followers': 45, 'friends': 235}",Tesla,-0.09166666666666667
1334752511354433537,"RT @codeorg: Our new AI video series is HERE! üéâüíªü§ñ Learn from leaders like @SatyaNadella, CEO of @Microsoft, and others at organizations lik‚Ä¶",[],2020-12-04,79,"{'date_created': '2019-7-31', 'id': 1156655678087290880, 'followers': 381, 'friends': 748}",Tesla,0.08522727272727272
1334752478928125952,"In the future, we will have a graveyard of Tesla cars &amp; SUVs as well as a graveyard of yellow cabs üöï https://t.co/dCzOsuhWeV",[],2020-12-04,0,"{'date_created': '2019-4-27', 'id': 1121959026663677953, 'followers': 533, 'friends': 1018}",Tesla,0.0
1334752430664376320,@Slippity2 Many people buy TSLA vehicles just because it's a Tesla and it's a symbol of wealth and status here in t‚Ä¶ https://t.co/U4Twl8f5Sj,[],2020-12-04,0,"{'date_created': '2009-6-14', 'id': 47110856, 'followers': 322, 'friends': 1116}",Tesla,0.5
1334752355271778309,so if you have two bottles of the Tesla rum it's a bad look https://t.co/4yPSlmCtFS,[],2020-12-04,0,"{'date_created': '2009-3-14', 'id': 24378196, 'followers': 892, 'friends': 1319}",Tesla,-0.6999999999999998
1334752355229831169,@PTPetra @tesla_raj I miss your yt videos. From Nairobi.,[],2020-12-04,0,"{'date_created': '2014-3-05', 'id': 2386136765, 'followers': 120, 'friends': 192}",Tesla,0.0
1334752326490288128,"@BenSullins @Tesla Why? It's a nice car, but the exterior looks and internal trim are waaaay outdated, don't you think?",[],2020-12-04,0,"{'date_created': '2011-11-02', 'id': 403133982, 'followers': 4, 'friends': 112}",Tesla,0.03333333333333332
1334752295154663424,"RT @RandyVegetables: He's no Tesla fan boy, but thinks EVs are the future, and Tesla is going yo be the biggest player. He asked my advice‚Ä¶",[],2020-12-04,1,"{'date_created': '2011-8-16', 'id': 356515976, 'followers': 8356, 'friends': 1430}",Tesla,0.0
1334752277354094592,@Hein_The_Slayer @Wildreamz @EsparzaPerseus @emmaforster67 @BLKMDL3 @omg_tesla how much risk am I permitting on mys‚Ä¶ https://t.co/4m6MXHaNvl,[],2020-12-04,0,"{'date_created': '2016-12-16', 'id': 809873343524569089, 'followers': 811, 'friends': 1402}",Tesla,0.2
1334752271490560000,"RT @WSJMag: Suga says he comes across ideas for his songs from the books he reads. ‚ÄúI tend to think a lot about the meaning behind words,‚Äù‚Ä¶",[],2020-12-04,50884,"{'date_created': '2019-2-10', 'id': 1094431930257457153, 'followers': 241, 'friends': 260}",Tesla,-0.2
1334752268135006208,"Infection Control Market Demand, Growth Rate, Size, Trends, Industry Analysis and Forecast 2020-2025

https://t.co/sW1Y6lcVfy",[],2020-12-04,0,"{'date_created': '2020-9-03', 'id': 1301403296662392832, 'followers': 6, 'friends': 27}",Tesla,0.0
1334752254960742403,@RAYMATHDD @spendg8 @Tesla We had a court decision in February concerning this. The conditions are not different in‚Ä¶ https://t.co/GlVxnKHb1m,[],2020-12-04,0,"{'date_created': '2019-1-18', 'id': 1086184725352468480, 'followers': 11548, 'friends': 40}",Tesla,0.0
1334752248006549504,@BeadSpiller I think the tesla truck. This seems like something musk would do.,[],2020-12-04,0,"{'date_created': '2009-3-25', 'id': 26435867, 'followers': 179, 'friends': 513}",Tesla,0.0
1334752231837483010,I‚Äôm giving away my virginity through an Instagram giveaway like a David Dobrik Tesla,[],2020-12-04,0,"{'date_created': '2015-1-01', 'id': 2955553101, 'followers': 259, 'friends': 295}",Tesla,0.0
1334752221641240576,@meckimac @MatchasmMatt @Tesla Great assessment,[],2020-12-04,0,"{'date_created': '2012-10-13', 'id': 878477245, 'followers': 58, 'friends': 104}",Tesla,0.8
1334752218738688000,RT @smarket: Four companies stormed into the top 20 most valuable companies list over the last 12 months and they tell you what the market‚Ä¶,[],2020-12-04,1,"{'date_created': '2020-7-24', 'id': 1286552758800195585, 'followers': 0, 'friends': 26}",Tesla,0.3333333333333333
1334752199704973314,"@DJCwittz @BronyDestined @AdamCrigler True, if Tesla was a 'better person' than Edison he may of well of not

I am‚Ä¶ https://t.co/HW3Lu28yQR",[],2020-12-04,0,"{'date_created': '2018-1-16', 'id': 953396070297604099, 'followers': 217, 'friends': 172}",Tesla,0.425
1334752188263002114,"RT @GurlGunz: Y‚Äôall be paying $37,000 for a Tesla????!!! I paid $25 for mine. Y‚Äôall getting scammed.",[],2020-12-04,5250,"{'date_created': '2011-8-29', 'id': 364237379, 'followers': 309, 'friends': 490}",Tesla,0.0
1334752154465103872,"RT @smarket: Will Tesla become more valuable than Berkshire Hathaway

Tesla market cap: $543 billion
Berkshire Hathaway: $558 billion",[],2020-12-04,2,"{'date_created': '2020-7-24', 'id': 1286552758800195585, 'followers': 0, 'friends': 26}",Tesla,0.5
1334752133309231109,"RT @WSJMag: .@bts_bighit's new album is out this month, and the members of BTS say they‚Äôre trying to keep their focus on their music. ‚ÄúWe‚Äôr‚Ä¶",[],2020-12-04,50332,"{'date_created': '2019-2-10', 'id': 1094431930257457153, 'followers': 241, 'friends': 260}",Tesla,0.04545454545454545
1334752115713953793,"RT @GurlGunz: Y‚Äôall be paying $37,000 for a Tesla????!!! I paid $25 for mine. Y‚Äôall getting scammed.",[],2020-12-04,5250,"{'date_created': '2020-9-23', 'id': 1308639957557231617, 'followers': 1, 'friends': 13}",Tesla,0.0
1334752069396250625,RT @AlternateJones: Prediction: Tesla might build household robots in the second half of this decade.,[],2020-12-04,1,"{'date_created': '2011-8-16', 'id': 356515976, 'followers': 8356, 'friends': 1430}",Tesla,-0.08333333333333333
1334752044276543489,@tesla_raj Some people just like to hate. They‚Äôre the ones that need to change. I‚Äôve never met you or talked to you‚Ä¶ https://t.co/6y4gAuW7sC,[],2020-12-04,0,"{'date_created': '2018-3-14', 'id': 973935174160273409, 'followers': 65, 'friends': 217}",Tesla,-0.26666666666666666
1334751961892196358,@XnBFN @Kn1pher @RobKnight__ @Gaannzo @Fyerrd @Frystsama Stfu Tesla king here,[],2020-12-04,0,"{'date_created': '2018-7-24', 'id': 1021885826534461441, 'followers': 197, 'friends': 477}",Tesla,0.0
1334751948428341248,"RT @GurlGunz: Y‚Äôall be paying $37,000 for a Tesla????!!! I paid $25 for mine. Y‚Äôall getting scammed.",[],2020-12-04,5250,"{'date_created': '2013-4-29', 'id': 1388556090, 'followers': 548, 'friends': 199}",Tesla,0.0
1334751945597259778,@RisibleVolatile @tesla_adri @DriveTeslaca @raffaeru @Kristennetten @greentheonly @KroegerOve I love them üòç,[],2020-12-04,0,"{'date_created': '2018-12-05', 'id': 1070423183906476032, 'followers': 2797, 'friends': 421}",Tesla,0.5
1334751934469779457,"RT @WSJMag: ‚ÄúIn the past, we had clear goals and a thirst. We had to do well‚Äîwe were desperate,‚Äù says Jung Kook. ‚ÄúI still have a similar mi‚Ä¶",[],2020-12-04,55172,"{'date_created': '2019-2-10', 'id': 1094431930257457153, 'followers': 241, 'friends': 260}",Tesla,-0.22499999999999998
1334751922717413376,"RT @Tesmanian_com: Tesla Full Self-Driving FSD Beta Evades Deer ü¶å at Night on Backroads

https://t.co/3A1v6og5CV",[],2020-12-04,22,"{'date_created': '2019-7-31', 'id': 1156655678087290880, 'followers': 381, 'friends': 748}",Tesla,0.35
1334751920863518720,"RT @WSJMag: V, who contributed to the neo-soul ‚ÄúStigma‚Äù‚Äîwhich includes lines like ‚ÄúThe pain is never soothed‚Äù‚Äî recently received a phone ca‚Ä¶",[],2020-12-04,57211,"{'date_created': '2019-2-10', 'id': 1094431930257457153, 'followers': 241, 'friends': 260}",Tesla,0.0
1334751853947494404,@orthereaboot let us stipulate Tesla has never been cash flow positive in the past.. it wouldn‚Äôt mean much in regar‚Ä¶ https://t.co/z3dBvz54m1,[],2020-12-04,0,"{'date_created': '2013-11-17', 'id': 2200167420, 'followers': 65, 'friends': 62}",Tesla,-0.033806818181818174
1334751851586064387,@tesla_raj Never met you but you‚Äôre not obligated to be nice to everyone. Everyone will have a different opinion of‚Ä¶ https://t.co/4X1GrezCBh,[],2020-12-04,0,"{'date_created': '2010-5-22', 'id': 146997375, 'followers': 232, 'friends': 414}",Tesla,0.3
1334751827619823616,"RT @GurlGunz: Y‚Äôall be paying $37,000 for a Tesla????!!! I paid $25 for mine. Y‚Äôall getting scammed.",[],2020-12-04,5250,"{'date_created': '2009-5-18', 'id': 40778821, 'followers': 62, 'friends': 69}",Tesla,0.0
1334751817138225153,"RT @stevelevine: Does being a legacy player‚Äîsay GM, Ford or BMW‚Äîdoom you to fail in the competition to dominate electric vehicles? Or can o‚Ä¶",[],2020-12-04,1,"{'date_created': '2010-11-21', 'id': 218072162, 'followers': 11850, 'friends': 3578}",Tesla,-0.25
1334751771714088960,"RT @tesla_raj: This was one of my favorite videos made this year pre-COVID! 
Tesla Model 3 vs Model S! Featuring: @EliBurton_ @MyTeslaAdven‚Ä¶",[],2020-12-04,21,"{'date_created': '2009-7-15', 'id': 56903343, 'followers': 50, 'friends': 99}",Tesla,0.20833333333333334
1334751766445961217,"Elon Musk Says Tesla Open To Merger With Legacy Automakers But Won‚Äôt Attempt Hostile Takeover 

READ MORE:‚Ä¶ https://t.co/R26JOM72kS",[],2020-12-04,0,"{'date_created': '2010-12-13', 'id': 226310002, 'followers': 17985, 'friends': 15527}",Tesla,0.0
1334751736032968705,@Hein_The_Slayer @Wildreamz @EsparzaPerseus @emmaforster67 @BLKMDL3 @omg_tesla tattoo‚Äôd up with racist sh*t all ove‚Ä¶ https://t.co/9D2OWGmjsg,[],2020-12-04,0,"{'date_created': '2016-12-16', 'id': 809873343524569089, 'followers': 811, 'friends': 1402}",Tesla,0.0
1334751735013732353,"RT @greentheonly: Some seriously cool and very practical information Esp. for the tinkering types.

@Tesla now gives access to repair manua‚Ä¶",[],2020-12-04,99,"{'date_created': '2020-9-23', 'id': 1308601666325737472, 'followers': 0, 'friends': 35}",Tesla,0.09166666666666667
1334751673173090304,"RT @ShiCooks: The bewildering traffic in Vietnamüò±
https://t.co/INk0MT3AG7
MT @alvinfoo
#AutonomousVehicles #Tesla
@mvollmer1 @JeroenBartels‚Ä¶","['AutonomousVehicles', 'Tesla']",2020-12-04,34,"{'date_created': '2019-5-01', 'id': 1123605978077855745, 'followers': 3742, 'friends': 5004}",Tesla,0.0
1334751663601512448,"RT @GurlGunz: Y‚Äôall be paying $37,000 for a Tesla????!!! I paid $25 for mine. Y‚Äôall getting scammed.",[],2020-12-04,5250,"{'date_created': '2019-6-02', 'id': 1135300530366889984, 'followers': 54, 'friends': 231}",Tesla,0.0
1334751659713499138,This Tesla is the flyest space ship üöÄ on the planet üåé #Tesla  @teslaownerssv @Tesla @teslacn @TeslaOwnersWW,['Tesla'],2020-12-04,0,"{'date_created': '2015-3-15', 'id': 3086218339, 'followers': 1575, 'friends': 4523}",Tesla,0.0
1334753866466914305,"RT @Teslarati: Tesla $TSLA gets boost amid Goldman Sachs‚Äô bullish 15M vehicles per year estimate
https://t.co/iH47rw37Ix",[],2020-12-04,14,"{'date_created': '2018-1-25', 'id': 956605642369888256, 'followers': 3783, 'friends': 5001}",Tesla,0.0
1334753707238563840,@Slippity2 Lmao model 3? I like how you picked one of their shittiest models to support your means. All you can ref‚Ä¶ https://t.co/yzE08Fm9A5,[],2020-12-04,0,"{'date_created': '2009-6-14', 'id': 47110856, 'followers': 322, 'friends': 1116}",Tesla,0.19999999999999998
1334753627211091969,RT @DCDOWORK: @elonmusk and @NIOGlobal $TSLA $NIO make the deal happen. Merge. https://t.co/cQsO8fNXUp,[],2020-12-04,4,"{'date_created': '2015-10-02', 'id': 3756369378, 'followers': 3003, 'friends': 4930}",Tesla,0.0
1334753601420455936,"2/3 we‚Äôll continue to follow the trend from the long side @ Charm/Vanna times &amp; scalp @ our levels, collecting thet‚Ä¶ https://t.co/UyfzLKJrA2",[],2020-12-04,0,"{'date_created': '2010-10-06', 'id': 199170156, 'followers': 12853, 'friends': 1268}",Tesla,-0.05
1334753574300094464,"RT @vincent13031925: Tesla $TSLA Shares Could Hit $800 with S&amp;P 500 Inclusion, Says Fund Manager

https://t.co/WvUOYl7ZR8",[],2020-12-04,98,"{'date_created': '2011-5-24', 'id': 304674115, 'followers': 1648, 'friends': 2381}",Tesla,0.0
1334753453944545281,$TSLA hitting $600 today!,[],2020-12-04,0,"{'date_created': '2019-10-23', 'id': 1186958218561576960, 'followers': 150, 'friends': 429}",Tesla,0.0
1334753365859966977,RT @SawyerMerritt: BREAKING: $TSLA has its highest close ever at $593.38. üìà https://t.co/m3aYJQg69A,[],2020-12-04,15,"{'date_created': '2019-2-21', 'id': 1098526215311450113, 'followers': 321, 'friends': 1118}",Tesla,0.0
1334753144669151232,"And in 2018, when you had no more money to buy $TSLA stock, you agreed to keep working for Tesla for no pay at all,‚Ä¶ https://t.co/NWDefh9Fry",[],2020-12-04,0,"{'date_created': '2011-7-02', 'id': 328190634, 'followers': 108, 'friends': 406}",Tesla,-0.25
1334753122825154561,"RT @jam_croissant: A point that is being lost as it relates to $TSLA‚Äôs inclusion: Yes, they only represent 1.8% of SPX, but their share of‚Ä¶",[],2020-12-04,22,"{'date_created': '2013-7-30', 'id': 1633891718, 'followers': 190, 'friends': 562}",Tesla,0.0
1334753104017960961,RT @ReutersBiz: Wall Street ended mixed Thursday as the S&amp;P 500 fell after a report that Pfizer had slashed the target for the rollout of i‚Ä¶,[],2020-12-04,1,"{'date_created': '2012-8-16', 'id': 762115837, 'followers': 1324, 'friends': 1888}",Tesla,0.0
1334753082962571264,"Found for the #XRPCommunity #XRP ,Terra Brings 24-Hour Trading to Synthetic Versions of Stocks Like TSLA and AAPL,https://t.co/xph46Dhnvt","['XRPCommunity', 'XRP']",2020-12-04,0,"{'date_created': '2019-12-10', 'id': 1204345613833383936, 'followers': 4900, 'friends': 5241}",Tesla,0.0
1334753074695393281,RT @sydneykevinlu: $BAND powering and securing @mirror_protocol assets for $AAPL $GOOGL $TSLA $NFLX $QQQ $TWTR $MSFT $AMZN $BABA $IAU $SLV‚Ä¶,[],2020-12-04,1,"{'date_created': '2018-10-27', 'id': 1056194184556605442, 'followers': 1301, 'friends': 151}",Tesla,0.0
1334752977039585283,"@origamicyber @WR4NYGov ..and maybe some far OTM $tsla puts - so you can have day-dreaming bears still pay you, eve‚Ä¶ https://t.co/2f6GJVMpPF",[],2020-12-04,0,"{'date_created': '2018-4-26', 'id': 989479689600331776, 'followers': 1512, 'friends': 2791}",Tesla,0.1
1334752582904860674,"RT @garyblack00: Here‚Äôs what happens to my $TSLA 2025 EPS and $720 PT if I change key assumptions. Each change is cumulative to others.

Se‚Ä¶",[],2020-12-04,5,"{'date_created': '2011-8-16', 'id': 356515976, 'followers': 8356, 'friends': 1430}",Tesla,0.0
1334752544707383299,"RT @garyblack00: I ran $TSLA 2025 EPS and PTs changing key assumptions in my valuation model. I have not changed my $720 PT, and won‚Äôt use‚Ä¶",[],2020-12-04,7,"{'date_created': '2011-8-16', 'id': 356515976, 'followers': 8356, 'friends': 1430}",Tesla,0.0
1334752446132981760,"RT @TriggerTrades: Elliott Wave üåä Multi-Time Frame Analysis

$ES_F $SPX $SPY 

$ES continues to make news highs without any significant ret‚Ä¶",[],2020-12-04,25,"{'date_created': '2019-7-06', 'id': 1147519717495717890, 'followers': 4, 'friends': 8}",Tesla,0.375
1334752430664376320,@Slippity2 Many people buy TSLA vehicles just because it's a Tesla and it's a symbol of wealth and status here in t‚Ä¶ https://t.co/U4Twl8f5Sj,[],2020-12-04,0,"{'date_created': '2009-6-14', 'id': 47110856, 'followers': 322, 'friends': 1116}",Tesla,0.5
1334752406983229442,"RT @stevenmarkryan: I really AM from the future üòÇ 

I posted this Feb 5th 2020 (on the much-neglected clips channel).

$TSLA hit this level‚Ä¶",[],2020-12-04,6,"{'date_created': '2011-8-16', 'id': 356515976, 'followers': 8356, 'friends': 1430}",Tesla,0.05
1334752332186185728,RT @cppinvest: 1/ We have a friend at @dachartlife who reminds us we should always allow our unbiased eyes to guide our thinking.  Let a pi‚Ä¶,[],2020-12-04,2,"{'date_created': '2008-5-21', 'id': 14850587, 'followers': 3053, 'friends': 357}",Tesla,0.0
1334751791645216770,$fsr $xspa $spy $novn $aal $nkla $wkhs $boxl $pltr $sndl $xpev $fsly $plug $tsla $pfe $acb $nio $srne $mara $sunw‚Ä¶ https://t.co/bsnykFyO5Z,[],2020-12-04,0,"{'date_created': '2013-3-05', 'id': 1244864492, 'followers': 5972, 'friends': 61}",Tesla,0.0
1334751525646700544,Notice how every car manufacturer is making a point to catch Tesla or compete with Tesla. That should tell you some‚Ä¶ https://t.co/3Hjxr5yQFh,[],2020-12-04,0,"{'date_created': '2012-2-18', 'id': 496331171, 'followers': 94, 'friends': 171}",Tesla,0.0
1334751522085859330,RT @stockspastor: I am not trading today.  I am using it to start working on fresh trades for next week.  @OptionsPastor $SPY $TSLA $ZS $CR‚Ä¶,[],2020-12-04,2,"{'date_created': '2009-7-25', 'id': 60115725, 'followers': 906, 'friends': 1396}",Tesla,0.049999999999999996
1334751385070362624,RT @RedDogT3: $tsla follow up https://t.co/0Jik7Ie8pm,[],2020-12-04,3,"{'date_created': '2008-11-20', 'id': 17513829, 'followers': 54, 'friends': 29}",Tesla,0.0
1334751188408004608,"RT @OptionsPastor: Today's active options tape: $TSLA, $AAPL, $BA,  $NIO,  $PFE, $AMD, $BABA, $FB, $SNAP, $AMZN, $MSFT, $CRM @stockspastor",[],2020-12-04,1,"{'date_created': '2009-7-25', 'id': 60115725, 'followers': 906, 'friends': 1396}",Tesla,-0.13333333333333333
1334750962657992705,RT @gsubu1: 1/17 $TSLA Stock Closed at a Record. But Is Something Holding It Back? -- https://t.co/F9LtgwhNMc @garyblack00 our @tesla commu‚Ä¶,[],2020-12-04,4,"{'date_created': '2012-3-16', 'id': 526794855, 'followers': 123, 'friends': 169}",Tesla,-0.03333333333333333
1334750807351308290,RT @Klp168: Tesla merging with NIO? This idea is starting to emerge https://t.co/ux36dgthPz  $TSLA $NIO ü§î,[],2020-12-04,2,"{'date_created': '2011-11-09', 'id': 408823209, 'followers': 335, 'friends': 300}",Tesla,0.0
1334750690829344768,"RT @CNBCTheExchange: Goldman Sachs upgrades Tesla and boosts its price target to a street-high $780/share, and Evercore ISI is bullish on S‚Ä¶",[],2020-12-04,2,"{'date_created': '2012-9-30', 'id': 855343368, 'followers': 30, 'friends': 75}",Tesla,0.0
1334750667966042113,"@jam_croissant Question for the Cem, when tsla is added 12/21, do the etf start buying then or are they able to pur‚Ä¶ https://t.co/UUqJECwme3",[],2020-12-04,0,"{'date_created': '2020-5-07', 'id': 1258361696952803328, 'followers': 7, 'friends': 83}",Tesla,0.5
1334750644813631491,"RT @TriggerTrades: Elliott Wave üåä Multi-Time Frame Analysis

$ES_F $SPX $SPY 

$ES continues to make news highs without any significant ret‚Ä¶",[],2020-12-04,25,"{'date_created': '2016-1-10', 'id': 4767082937, 'followers': 42, 'friends': 338}",Tesla,0.375
1334750395353206784,"RT @Capitalise_ai: Currently at $568 will $TSLA break &amp; hold $600 today?

#TESLA #TSLA
Lock in profits with #CapitaliseAI","['TESLA', 'TSLA', 'CapitaliseAI']",2020-12-04,2,"{'date_created': '2015-12-04', 'id': 4374209853, 'followers': 16, 'friends': 67}",Tesla,0.0
1334750293527937025,RT @PeterNMCH: $tsla evercore reiterated its selling rating on Tesla. Take this at a pinch of salt. Why? Looking at this kind of track reco‚Ä¶,[],2020-12-04,1,"{'date_created': '2019-2-07', 'id': 1093578314021621760, 'followers': 20, 'friends': 313}",Tesla,0.15
1334750110463520768,RT @vincent13031925: 2021 will be an epic year for Tesla &amp; $TSLA investors,[],2020-12-04,100,"{'date_created': '2010-12-16', 'id': 227266671, 'followers': 510, 'friends': 759}",Tesla,0.1
1334750044038324225,RT @DCDOWORK: VIDEO - Excited for Friday! $NIO $TSLA $LI $XPEV $FSR $AAPL $AMZN $NNDM #Gold #Silver current investments üëä https://t.co/jr4G‚Ä¶,"['Gold', 'Silver']",2020-12-04,0,"{'date_created': '2011-11-09', 'id': 408823209, 'followers': 335, 'friends': 300}",Tesla,0.234375
1334749870394109952,"RT @NIONenad: Tesla merging with NIO? This idea is starting to emerge ‚Äì cnTechPost

‚ÄúThe idea sounds crazy, but there are already media out‚Ä¶",[],2020-12-04,3,"{'date_created': '2011-11-09', 'id': 408823209, 'followers': 335, 'friends': 300}",Tesla,-0.15
1334749557368950784,"$SPY $QQQ $TSLA update.
Stock rotation holding indices up. EoYr chase for performance helping Stock leaders. LT osc‚Ä¶ https://t.co/QYxgv62OGA",[],2020-12-04,0,"{'date_created': '2011-11-05', 'id': 405820375, 'followers': 17448, 'friends': 44}",Tesla,0.0
1334749336853417984,"Tesla (NASDAQ:TSLA) This Will Change The Auto Industry Forever

$TSLA #Tesla¬†#Auto #Manufacturers #USA #Nasdaq‚Ä¶ https://t.co/yU2CKaMuVx","['Tesla', 'Auto', 'Manufacturers', 'USA', 'Nasdaq']",2020-12-04,0,"{'date_created': '2009-4-04', 'id': 28803148, 'followers': 43767, 'friends': 40998}",Tesla,0.0
1334749329052069888,"RT @ValueAnalyst1: Gotta be some sort of a record.

$TSLA #TeslaKillerCemetery https://t.co/UX1Parmlx0",['TeslaKillerCemetery'],2020-12-04,4,"{'date_created': '2019-7-15', 'id': 1150877563633512450, 'followers': 819, 'friends': 888}",Tesla,0.0
1334749232360685571,RT @smartertrader: What happen if wifey open your brokerage statement and see Yiu are short Tsla. Down 100k.   All your stuff is in the fro‚Ä¶,[],2020-12-04,14,"{'date_created': '2016-7-18', 'id': 755109517612810240, 'followers': 695, 'friends': 414}",Tesla,-0.051851851851851864
1334748954874011648,RT @ParikPatelCFA: Good morning everyone. I did some technical analysis on $TSLA last night and I am happy to say I reiterate my bullish po‚Ä¶,[],2020-12-04,118,"{'date_created': '2015-9-22', 'id': 3649152991, 'followers': 4, 'friends': 115}",Tesla,0.4833333333333333
1334748865887678466,"RT @KermitCapital: Today Ark Invest

Bought:
$SPLK, $55M ü§î
$ICE, $54.7M
$TWLO, $32.5M üî•
$SHOP, $27.5M üî•
$DOCU, $22.9M
$TDOC, $18.1M
$BEKE,‚Ä¶",[],2020-12-04,8,"{'date_created': '2015-4-14', 'id': 3166245021, 'followers': 11, 'friends': 256}",Tesla,0.0
1334748731212787717,@Slippity2 You're obviously clueless on EV and missing the point entirely. It's not about SALES of EV and TSLA is i‚Ä¶ https://t.co/JOfMGpVaNU,[],2020-12-04,0,"{'date_created': '2009-6-14', 'id': 47110856, 'followers': 322, 'friends': 1116}",Tesla,-0.03333333333333333
1334748587536867329,"$spy $spx $compq $ndx $qqq $tsla $fsr $pltr
$aapl $amzn $twtr $fb $msft $nflx #Futures
$crm $penn $nvda $googl‚Ä¶ https://t.co/060Tj1SRTA",['Futures'],2020-12-04,0,"{'date_created': '2020-6-06', 'id': 1269238398587453440, 'followers': 263, 'friends': 283}",Tesla,0.0
1334748232094609408,@teslainventory @CodingMark Yes!! I want all the fan merch... and I'd buy it all too if I wasn't prioritising buying $TSLA stock instead!,[],2020-12-04,0,"{'date_created': '2019-11-28', 'id': 1200027504230027264, 'followers': 261, 'friends': 1554}",Tesla,0.0
1334748217699799043,$BAND powering and securing @mirror_protocol assets for $AAPL $GOOGL $TSLA $NFLX $QQQ $TWTR $MSFT $AMZN $BABA $IAU‚Ä¶ https://t.co/CRVj29G0MJ,[],2020-12-04,1,"{'date_created': '2018-7-11', 'id': 1016945822183780357, 'followers': 502, 'friends': 291}",Tesla,0.0
1334748150985334785,RT @AdamHoov: I've worked real hard for 3 long years but Elon has never liked/retweeted or commented on any of my tweets and I have 17k of‚Ä¶,[],2020-12-04,29,"{'date_created': '2020-10-03', 'id': 1312442675094847489, 'followers': 34, 'friends': 103}",Tesla,-0.24375
1334748129560829952,@Slippity2 @Dooomenicooo @joealertz Not saying NIO is better than TSLA but TSLA is no gem when it comes to technolo‚Ä¶ https://t.co/1ImVT1qRHx,[],2020-12-04,0,"{'date_created': '2009-6-14', 'id': 47110856, 'followers': 322, 'friends': 1116}",Tesla,0.5
1334748016608079874,$aapl $fsly $dkng $pltr $gevo $mara $rkt $boxl $snap $opti $vxrt $fb $penn $tsla $spy $acb $msft $ibio $nkla $fsr‚Ä¶ https://t.co/0t42jWvySJ,[],2020-12-04,0,"{'date_created': '2013-3-05', 'id': 1244864492, 'followers': 5972, 'friends': 61}",Tesla,0.0
1334747913629601793,"Evo/Trade Icon #options Swings - SmS ALERTs part 1
CHALLENGE ACC. 1st Week- 2500 to 6500 -WE POST EVERY TRADE MADE!‚Ä¶ https://t.co/RJOcG8km0I",['options'],2020-12-04,0,"{'date_created': '2017-5-13', 'id': 863443467346747392, 'followers': 1411, 'friends': 4}",Tesla,0.0
1334747839973515267,"Musk is taking merger bids bois
 $TSLA https://t.co/3H2jnsTzd1",[],2020-12-04,0,"{'date_created': '2016-12-17', 'id': 810174373147643904, 'followers': 57, 'friends': 254}",Tesla,0.0
1334747651431075840,"@asemota Bought my $TSLA $361 March, now the stocks splits into 5 and it‚Äôs on the verge to $600 at market open. Bes‚Ä¶ https://t.co/birZUhQxe2",[],2020-12-04,0,"{'date_created': '2019-10-23', 'id': 1186958218561576960, 'followers': 150, 'friends': 429}",Tesla,0.0
1334747596162805761,"$spy $spx $compq $ndx $qqq $tsla $fsr $pltr
$aapl $amzn $twtr $fb $msft $nflx #Futures
$crm $penn $nvda $googl‚Ä¶ https://t.co/mJeJFnQFVM",['Futures'],2020-12-04,0,"{'date_created': '2020-6-06', 'id': 1269238398587453440, 'followers': 263, 'friends': 283}",Tesla,0.0
1334747525492903939,@Slippity2 @Dooomenicooo @joealertz The EV race isn't producing vehicles it's becoming a race to monopolize patents‚Ä¶ https://t.co/FYpisCL0eD,[],2020-12-04,0,"{'date_created': '2009-6-14', 'id': 47110856, 'followers': 322, 'friends': 1116}",Tesla,0.45
1334747345343246337,"BTC Sentiment (Price $19400)

Do you agree with @AngeloBTC? 

$ETH $XRP $LINK $BNB $ADA $UNI $AAPL $TSLA $AMZN $SPY‚Ä¶ https://t.co/h6X7f5qacs",[],2020-12-04,0,"{'date_created': '2018-6-21', 'id': 1009911647509417984, 'followers': 1735, 'friends': 617}",Tesla,0.0
1334747277353738240,"@destiny_nehi @asemota $TSLA isn‚Äôt overhyped, that‚Äôs what people think. Back then before the spilt when it got to $‚Ä¶ https://t.co/M8u3Gmmmia",[],2020-12-04,0,"{'date_created': '2019-10-23', 'id': 1186958218561576960, 'followers': 150, 'friends': 429}",Tesla,0.0
1334747270101647360,RT @SawyerMerritt: $TSLA FSD is so undervalued/under-appreciated by most. I read an article today stating that FSD is far far away from bec‚Ä¶,[],2020-12-04,24,"{'date_created': '2018-3-07', 'id': 971529230235271168, 'followers': 6, 'friends': 75}",Tesla,0.3
1334747251177033733,"RT @rimisback: AWS and BlackBerry QNX join forces to accelerate auto innovation with BlackBerry IVY, a new intelligent vehicle data platfor‚Ä¶",[],2020-12-04,0,"{'date_created': '2019-4-06', 'id': 1114507482301382656, 'followers': 55, 'friends': 57}",Tesla,0.4681818181818182
1334747226476785669,RT @ParikPatelCFA: Good morning everyone. I did some technical analysis on $TSLA last night and I am happy to say I reiterate my bullish po‚Ä¶,[],2020-12-04,118,"{'date_created': '2009-7-16', 'id': 57368547, 'followers': 250, 'friends': 258}",Tesla,0.4833333333333333
1334747223851057152,"RT @saxena_puru: $AMZN $NFLX $TSLA $NOW $ISRG $ILMN 

What did all these stocks have in common? All of them were always 'overvalued'. Yet,‚Ä¶",[],2020-12-04,29,"{'date_created': '2019-7-12', 'id': 1149486165973598210, 'followers': 384, 'friends': 888}",Tesla,-0.09999999999999999
1334747113868193793,"RT @earningsflyinc: Top 15 Artificial Intelligence stocks with market cap over 1 billion in 10 days. 

https://t.co/HpH55Ua7ac

$TSLA $CRWD‚Ä¶",[],2020-12-04,1,"{'date_created': '2020-10-05', 'id': 1312955874940395520, 'followers': 665, 'friends': 6}",Tesla,-0.024999999999999994
1334746788834775041,RT @AdamHoov: I've worked real hard for 3 long years but Elon has never liked/retweeted or commented on any of my tweets and I have 17k of‚Ä¶,[],2020-12-04,29,"{'date_created': '2020-6-20', 'id': 1274187704595595266, 'followers': 36, 'friends': 272}",Tesla,-0.24375
1334746784539828224,"I remember about a year ago I was in HK, pleased that $tsla had recovered from its $176 lows. It was back above $30‚Ä¶ https://t.co/e72eTb43LS",[],2020-12-04,0,"{'date_created': '2018-9-30', 'id': 1046409061611307008, 'followers': 1584, 'friends': 247}",Tesla,0.25
1334746665513869312,RT @Huddster2: Creative way to look at TSLA‚Äôs rise vs short selling. https://t.co/RHfMBhLZPJ,[],2020-12-04,1,"{'date_created': '2015-4-08', 'id': 3146794919, 'followers': 191, 'friends': 244}",Tesla,0.125
1334746653597650944,"@dizz_joshua @wealthnroses Coo, I thought you would say you threw it back into tsla shares",[],2020-12-04,0,"{'date_created': '2019-7-06', 'id': 1147332253099237377, 'followers': 393, 'friends': 241}",Tesla,0.0
1334746560920514563,@Slippity2 @Dooomenicooo @joealertz NIO isn't meant to be competitive to TSLA in the US markets. I think you're missing the point here.,[],2020-12-04,0,"{'date_created': '2009-6-14', 'id': 47110856, 'followers': 322, 'friends': 1116}",Tesla,-0.1
1334746021503488000,$tsla is the biggest pump and hold of all time!,[],2020-12-04,0,"{'date_created': '2018-7-28', 'id': 1023351474783285248, 'followers': 16, 'friends': 90}",Tesla,0.0
1334745827571499009,"@JonahLupton @elonmusk @Tesla Are there still people out there that think $TSLA is still just a car company? Yep, a‚Ä¶ https://t.co/8Es5YylnW1",[],2020-12-04,0,"{'date_created': '2009-10-27', 'id': 85663573, 'followers': 164, 'friends': 608}",Tesla,0.0
1334745790292635648,"Top 15 Artificial Intelligence stocks with market cap over 1 billion today. 

https://t.co/HpH55Ua7ac

$CRWD $TSLA‚Ä¶ https://t.co/dLofC8TchP",[],2020-12-04,0,"{'date_created': '2020-10-11', 'id': 1315434407692509184, 'followers': 92, 'friends': 363}",Tesla,-0.024999999999999994
1334745197989699584,"RT @blank_stocks: Analysis on $FTNT $TSLA $MSFT $PTON - 4hr Log Scaling

Targets:
$PTON -&gt; $168
$MSFT -&gt; $265
$TSLA -&gt; $667+
$FTNT -&gt; $182‚Ä¶",[],2020-12-04,9,"{'date_created': '2016-8-06', 'id': 761723042183598080, 'followers': 175, 'friends': 627}",Tesla,0.0
1334744996738596865,"RT @KermitCapital: Today Ark Invest

Bought:
$SPLK, $55M ü§î
$ICE, $54.7M
$TWLO, $32.5M üî•
$SHOP, $27.5M üî•
$DOCU, $22.9M
$TDOC, $18.1M
$BEKE,‚Ä¶",[],2020-12-04,8,"{'date_created': '2013-10-29', 'id': 2163171397, 'followers': 7, 'friends': 125}",Tesla,0.0
1334744905252483073,"RT @AlternateJones: Let's take a moment to appreciate that $TSLA closed today at an ATH of $593.38 

That is $2967 pre-split. 

Exactly 1 y‚Ä¶",[],2020-12-04,8,"{'date_created': '2008-5-25', 'id': 14896937, 'followers': 871, 'friends': 2913}",Tesla,0.075
1334744773035520002,Swiss online banking #Swissquote  to launch together with #Tesla a leasing system $SQN $TSLA #Switzerland,"['Swissquote', 'Tesla', 'Switzerland']",2020-12-04,0,"{'date_created': '2009-9-15', 'id': 74514728, 'followers': 569, 'friends': 274}",Tesla,0.0
1334744652491096065,$TSLA NOTHING DURING AH MAYBE INCREASE IN A BIT AT 11pm PT! +0.12 https://t.co/mdcsteuhPo,[],2020-12-04,0,"{'date_created': '2019-7-06', 'id': 1147332253099237377, 'followers': 393, 'friends': 241}",Tesla,0.0
1334744569003405318,RT @omakasemoney: #watchlist worked out! easy work #stocks #options $BA $JMIA $CCL $AAL $ULTA $TSLA $SNOW #earnings https://t.co/2NuCIhBE3L,"['watchlist', 'stocks', 'options', 'earnings']",2020-12-04,1,"{'date_created': '2014-11-24', 'id': 2890343039, 'followers': 99, 'friends': 396}",Tesla,0.21666666666666667
1334744526561419264,"@FTMAlerts Thanks Taylor, let‚Äôs touch base tomorrow. You can call me at (507) 351-8888 .  I like your sessions as y‚Ä¶ https://t.co/8AkVKZEfAg",[],2020-12-04,0,"{'date_created': '2009-2-09', 'id': 20471721, 'followers': 922, 'friends': 1167}",Tesla,-0.10000000000000002
1334744480969211904,#Tesla‚Äôs stocks upgraded! The transition to electric vehicle adoption is accelerating and happening faster than pre‚Ä¶ https://t.co/qa4o3IRcx0,['Tesla'],2020-12-04,0,"{'date_created': '2007-2-26', 'id': 794815, 'followers': 59931, 'friends': 15100}",Tesla,0.0
1334744300031270913,@TSLA_b_GRN @computerbux @hempstractlabs Id go $lvca now,[],2020-12-04,0,"{'date_created': '2020-10-12', 'id': 1315758356221616134, 'followers': 72, 'friends': 704}",Tesla,0.0
1334744268980809730,"China Auto Industry Body CAAM: Expects China Auto Sales To Grow 11.1% Y/Y To 2.73M Units In November 

$TSLA $GM $F $NIO $XPEV $LI",[],2020-12-04,0,"{'date_created': '2020-10-13', 'id': 1316039813745774593, 'followers': 57, 'friends': 24}",Tesla,0.0
1334744267047247873,@fly4dat: But I thought VW is gonna crush $TSLA?! https://t.co/mj6rzLEskP,[],2020-12-04,0,"{'date_created': '2016-5-16', 'id': 732176236227792896, 'followers': 203, 'friends': 18}",Tesla,0.0
1334744241717866500,$ino $tsla $fb $spy $vxrt $wkhs $penn $lca $sunw $fsr $acb $srne $aal $aapl  $ibio $nkla $hexo $nio $xspa $pfe‚Ä¶ https://t.co/2OPXcps4P1,[],2020-12-04,0,"{'date_created': '2013-3-05', 'id': 1244864492, 'followers': 5972, 'friends': 61}",Tesla,0.0
1334743984904790016,Tesla's FSD Beta Avoids Deer At Night on Dirt Roads | Also Drives Withou... https://t.co/t1bEIxw7lq via @YouTube‚Ä¶ https://t.co/Z2Ja5opHRN,[],2020-12-04,0,"{'date_created': '2020-2-07', 'id': 1225577558147768320, 'followers': 14, 'friends': 294}",Tesla,0.0
1334743805480714240,@jam_croissant Does this mean a high amount of $TSLA calls can have a bigger positive move up in the S&amp;P?,[],2020-12-04,0,"{'date_created': '2014-4-14', 'id': 2443257276, 'followers': 503, 'friends': 670}",Tesla,0.018693181818181817
1334743637574430722,"RT @ajtourville: To all the Tesla bears out there, I highly recommend you consult a physician before watching this video! üòÅ $TSLA

https://‚Ä¶",[],2020-12-04,3,"{'date_created': '2020-2-02', 'id': 1223782476683927552, 'followers': 221, 'friends': 1014}",Tesla,0.1
1334743604414341120,$TSLA #Tesla November 2020 registrations UP  a whopping 13.9% in Germany from October 2020.  There‚Äôs no demand! https://t.co/qicdv8aENw,['Tesla'],2020-12-04,0,"{'date_created': '2020-10-12', 'id': 1315640488381362176, 'followers': 4, 'friends': 40}",Tesla,0.0
1334743544464982017,"RT @GoingGreenPicks: $HTSC,  $TSLA the money‚Äôs in the battery material especially nickel. With growth projections for $TSLA being what they‚Ä¶",[],2020-12-04,4,"{'date_created': '2019-9-19', 'id': 1174596202551115777, 'followers': 1009, 'friends': 1046}",Tesla,0.0
1334743339493634049,@afrosoul6 @hodlurhorsez @coryklippsten Because of the halving and thinking TSLA wouldn‚Äôt beat BTC after it had a m‚Ä¶ https://t.co/e1LJWToAWv,[],2020-12-04,0,"{'date_created': '2020-3-11', 'id': 1237813357379489792, 'followers': 50, 'friends': 404}",Tesla,0.0
1334743001260756998,"RT @richard_chu97: ‚ÄúThe more we look at it, for more and more consumer devices the core technology in them is going to be software. More an‚Ä¶",[],2020-12-04,9,"{'date_created': '2020-3-31', 'id': 1244824094975107072, 'followers': 3, 'friends': 63}",Tesla,0.5
1334742842342690818,$TSLA is today‚Äôs tulip bulb mania.  This mania will die out just like all other manias of past.,[],2020-12-04,0,"{'date_created': '2019-5-04', 'id': 1124729417639415809, 'followers': 262, 'friends': 585}",Tesla,-0.09375
1334742695919689728,"Trading... $MSFT 
I smell blood, sell at $214.45 
Take Profit: $200.83
Stop Loss: $218.97

$TSLA $SPY #stocks #forex https://t.co/DHZHfrexxc","['stocks', 'forex']",2020-12-04,0,"{'date_created': '2020-9-28', 'id': 1310639678882709504, 'followers': 215, 'friends': 77}",Tesla,0.0
1334742527350542337,"@IaMKniCksNaTion @psidart Could double soon, those bitcoin on cash app users have increases. 10 million, 20 million‚Ä¶ https://t.co/ByCKRhZQQB",[],2020-12-04,0,"{'date_created': '2019-7-06', 'id': 1147332253099237377, 'followers': 393, 'friends': 241}",Tesla,0.0
1334742464024948736,"Thanks for the 100 followers! I started this account to retweet and like giveaways a while back, but somehow came a‚Ä¶ https://t.co/QONi3Rc918",[],2020-12-04,0,"{'date_created': '2018-10-04', 'id': 1047886492167819264, 'followers': 100, 'friends': 243}",Tesla,0.125
1334742298056413185,"Hi @kroyrunner89, the depth and nuance of your teachings is astounding; you've shown me the ways of technical analy‚Ä¶ https://t.co/ePMSwhiHF1",[],2020-12-04,0,"{'date_created': '2020-8-15', 'id': 1294464774978375686, 'followers': 34, 'friends': 129}",Tesla,0.3
1334742208084406273,$TSNP Definitely worth a look. BEST OTC PENNY STOCK! (SPAC) | Stock Market Investing https://t.co/kxZ54JOpjt via‚Ä¶ https://t.co/F9W3HU4OZh,[],2020-12-04,0,"{'date_created': '2012-3-08', 'id': 518714801, 'followers': 376, 'friends': 174}",Tesla,0.43333333333333335
1334742076622217216,$tsla evercore reiterated its selling rating on Tesla. Take this at a pinch of salt. Why? Looking at this kind of t‚Ä¶ https://t.co/CmhhNvYnGy,[],2020-12-04,1,"{'date_created': '2020-3-11', 'id': 1237565695400923136, 'followers': 20, 'friends': 132}",Tesla,0.15
1334741900792897537,RT @28delayslater: A story in 4 acts. $TSLA https://t.co/bce3a9v1RY,[],2020-12-04,31,"{'date_created': '2019-6-24', 'id': 1143229275308462081, 'followers': 16, 'friends': 52}",Tesla,0.0
1334741680734547968,RT @AdamHoov: I've worked real hard for 3 long years but Elon has never liked/retweeted or commented on any of my tweets and I have 17k of‚Ä¶,[],2020-12-04,29,"{'date_created': '2019-11-01', 'id': 1190295989372030976, 'followers': 76, 'friends': 248}",Tesla,-0.24375
1334741667962712066,"RT @ajtourville: To all the Tesla bears out there, I highly recommend you consult a physician before watching this video! üòÅ $TSLA

https://‚Ä¶",[],2020-12-04,3,"{'date_created': '2011-8-16', 'id': 356515976, 'followers': 8356, 'friends': 1430}",Tesla,0.1
1334741250218455042,#watchlist worked out! easy work #stocks #options $BA $JMIA $CCL $AAL $ULTA $TSLA $SNOW #earnings https://t.co/2NuCIhBE3L,"['watchlist', 'stocks', 'options', 'earnings']",2020-12-04,1,"{'date_created': '2020-10-01', 'id': 1311492924773814272, 'followers': 3, 'friends': 27}",Tesla,0.21666666666666667
1334741046841008129,"$spy $spx $compq $ndx $qqq $tsla $fsr $pltr
$aapl $amzn $twtr $fb $msft $nflx #Futures
$crm $penn $nvda $googl‚Ä¶ https://t.co/k4zZ56Rw5w",['Futures'],2020-12-04,0,"{'date_created': '2020-6-06', 'id': 1269238398587453440, 'followers': 263, 'friends': 283}",Tesla,0.0
1334741018801885184,Here's the day's TSLA trades at min of 10k https://t.co/a4WaA4Ac0D,[],2020-12-04,0,"{'date_created': '2008-10-27', 'id': 17000343, 'followers': 190, 'friends': 162}",Tesla,0.0
1334740721543368705,"Tesla | $TSLA

$TSLA Consolidation

Long or short it with BTC on Trade8: https://t.co/5SPvS47wiV https://t.co/7AdJzT1FMq",[],2020-12-04,0,"{'date_created': '2018-11-27', 'id': 1067310570695577600, 'followers': 4474, 'friends': 4}",Tesla,-0.025
